id;year;type_obj;from_obj;to_inf;cost;only;hard
1;2020;inf;222;419;0;;
2;2021;inf;222;419;0;;
3;2022;inf;222;419;0;;
4;2023;inf;222;419;0;;
5;2024;inf;222;419;0;;
6;2025;inf;222;419;0;;
7;2026;inf;222;419;0;;
8;2027;inf;222;419;0;;
9;2028;inf;222;419;0;;
10;2029;inf;222;419;0;;
11;2030;inf;222;419;0;;
12;2020;inf;227;431;0;;
13;2021;inf;227;431;0;;
14;2022;inf;227;431;0;;
15;2023;inf;227;431;0;;
16;2024;inf;227;431;0;;
17;2025;inf;227;431;0;;
18;2026;inf;227;431;0;;
19;2027;inf;227;431;0;;
20;2028;inf;227;431;0;;
21;2029;inf;227;431;0;;
22;2030;inf;227;431;0;;
23;2020;inf;223;421;0;;
24;2021;inf;223;421;0;;
25;2022;inf;223;421;0;;
26;2023;inf;223;421;0;;
27;2024;inf;223;421;0;;
28;2025;inf;223;421;0;;
29;2026;inf;223;421;0;;
30;2027;inf;223;421;0;;
31;2028;inf;223;421;0;;
32;2029;inf;223;421;0;;
33;2030;inf;223;421;0;;
34;2020;inf;225;423;0;;
35;2021;inf;225;423;0;;
36;2022;inf;225;423;0;;
37;2023;inf;225;423;0;;
38;2024;inf;225;423;0;;
39;2025;inf;225;423;0;;
40;2026;inf;225;423;0;;
41;2027;inf;225;423;0;;
42;2028;inf;225;423;0;;
43;2029;inf;225;423;0;;
44;2030;inf;225;423;0;;
45;2020;inf;224;422;0;;
46;2021;inf;224;422;0;;
47;2022;inf;224;422;0;;
48;2023;inf;224;422;0;;
49;2024;inf;224;422;0;;
50;2025;inf;224;422;0;;
51;2026;inf;224;422;0;;
52;2027;inf;224;422;0;;
53;2028;inf;224;422;0;;
54;2029;inf;224;422;0;;
55;2030;inf;224;422;0;;
56;2020;inf;226;424;0;;
57;2021;inf;226;424;0;;
58;2022;inf;226;424;0;;
59;2023;inf;226;424;0;;
60;2024;inf;226;424;0;;
61;2025;inf;226;424;0;;
62;2026;inf;226;424;0;;
63;2027;inf;226;424;0;;
64;2028;inf;226;424;0;;
65;2029;inf;226;424;0;;
66;2030;inf;226;424;0;;
78;2020;inf;221;418;0;;
79;2021;inf;221;418;0;;
80;2022;inf;221;418;0;;
81;2023;inf;221;418;0;;
82;2024;inf;221;418;0;;
83;2025;inf;221;418;0;;
84;2026;inf;221;418;0;;
85;2027;inf;221;418;0;;
86;2028;inf;221;418;0;;
87;2029;inf;221;418;0;;
88;2030;inf;221;418;0;;
89;2020;inf;228;437;0;;
90;2021;inf;228;437;0;;
91;2022;inf;228;437;0;;
92;2023;inf;228;437;0;;
93;2024;inf;228;437;0;;
94;2025;inf;228;437;0;;
95;2026;inf;228;437;0;;
96;2027;inf;228;437;0;;
97;2028;inf;228;437;0;;
98;2029;inf;228;437;0;;
99;2030;inf;228;437;0;;
100;2020;inf;229;438;0;;
101;2021;inf;229;438;0;;
102;2022;inf;229;438;0;;
103;2023;inf;229;438;0;;
104;2024;inf;229;438;0;;
105;2025;inf;229;438;0;;
106;2026;inf;229;438;0;;
107;2027;inf;229;438;0;;
108;2028;inf;229;438;0;;
109;2029;inf;229;438;0;;
110;2030;inf;229;438;0;;
111;2020;inf;211;406;0;;
112;2021;inf;211;406;0;;
113;2022;inf;211;406;0;;
114;2023;inf;211;406;0;;
115;2024;inf;211;406;0;;
116;2025;inf;211;406;0;;
117;2026;inf;211;406;0;;
118;2027;inf;211;406;0;;
119;2028;inf;211;406;0;;
120;2029;inf;211;406;0;;
121;2030;inf;211;406;0;;
122;2020;inf;210;405;0;;
123;2021;inf;210;405;0;;
124;2022;inf;210;405;0;;
125;2023;inf;210;405;0;;
126;2024;inf;210;405;0;;
127;2025;inf;210;405;0;;
128;2026;inf;210;405;0;;
129;2027;inf;210;405;0;;
130;2028;inf;210;405;0;;
131;2029;inf;210;405;0;;
132;2030;inf;210;405;0;;
133;2020;inf;213;408;0;;
134;2021;inf;213;408;0;;
135;2022;inf;213;408;0;;
136;2023;inf;213;408;0;;
137;2024;inf;213;408;0;;
138;2025;inf;213;408;0;;
139;2026;inf;213;408;0;;
140;2027;inf;213;408;0;;
141;2028;inf;213;408;0;;
142;2029;inf;213;408;0;;
143;2030;inf;213;408;0;;
144;2020;inf;212;407;0;;
145;2021;inf;212;407;0;;
146;2022;inf;212;407;0;;
147;2023;inf;212;407;0;;
148;2024;inf;212;407;0;;
149;2025;inf;212;407;0;;
150;2026;inf;212;407;0;;
151;2027;inf;212;407;0;;
152;2028;inf;212;407;0;;
153;2029;inf;212;407;0;;
154;2030;inf;212;407;0;;
155;2020;inf;232;442;0;;
156;2021;inf;232;442;0;;
157;2022;inf;232;442;0;;
158;2023;inf;232;442;0;;
159;2024;inf;232;442;0;;
160;2025;inf;232;442;0;;
161;2026;inf;232;442;0;;
162;2027;inf;232;442;0;;
163;2028;inf;232;442;0;;
164;2029;inf;232;442;0;;
165;2030;inf;232;442;0;;
166;2020;inf;233;443;0;;
167;2021;inf;233;443;0;;
168;2022;inf;233;443;0;;
169;2023;inf;233;443;0;;
170;2024;inf;233;443;0;;
171;2025;inf;233;443;0;;
172;2026;inf;233;443;0;;
173;2027;inf;233;443;0;;
174;2028;inf;233;443;0;;
175;2029;inf;233;443;0;;
176;2030;inf;233;443;0;;
177;2020;inf;214;409;0;;
178;2021;inf;214;409;0;;
179;2022;inf;214;409;0;;
180;2023;inf;214;409;0;;
181;2024;inf;214;409;0;;
182;2025;inf;214;409;0;;
183;2026;inf;214;409;0;;
184;2027;inf;214;409;0;;
185;2028;inf;214;409;0;;
186;2029;inf;214;409;0;;
187;2030;inf;214;409;0;;
188;2020;inf;215;412;0;;
189;2021;inf;215;412;0;;
190;2022;inf;215;412;0;;
191;2023;inf;215;412;0;;
192;2024;inf;215;412;0;;
193;2025;inf;215;412;0;;
194;2026;inf;215;412;0;;
195;2027;inf;215;412;0;;
196;2028;inf;215;412;0;;
197;2029;inf;215;412;0;;
198;2030;inf;215;412;0;;
199;2020;inf;218;415;0;;
200;2021;inf;218;415;0;;
201;2022;inf;218;415;0;;
202;2023;inf;218;415;0;;
203;2024;inf;218;415;0;;
204;2025;inf;218;415;0;;
205;2026;inf;218;415;0;;
206;2027;inf;218;415;0;;
207;2028;inf;218;415;0;;
208;2029;inf;218;415;0;;
209;2030;inf;218;415;0;;
210;2020;inf;216;413;0;;
211;2021;inf;216;413;0;;
212;2022;inf;216;413;0;;
213;2023;inf;216;413;0;;
214;2024;inf;216;413;0;;
215;2025;inf;216;413;0;;
216;2026;inf;216;413;0;;
217;2027;inf;216;413;0;;
218;2028;inf;216;413;0;;
219;2029;inf;216;413;0;;
220;2030;inf;216;413;0;;
221;2020;inf;231;441;0;;
222;2021;inf;231;441;0;;
223;2022;inf;231;441;0;;
224;2023;inf;231;441;0;;
225;2024;inf;231;441;0;;
226;2025;inf;231;441;0;;
227;2026;inf;231;441;0;;
228;2027;inf;231;441;0;;
229;2028;inf;231;441;0;;
230;2029;inf;231;441;0;;
231;2030;inf;231;441;0;;
232;2020;inf;220;417;0;;
233;2021;inf;220;417;0;;
234;2022;inf;220;417;0;;
235;2023;inf;220;417;0;;
236;2024;inf;220;417;0;;
237;2025;inf;220;417;0;;
238;2026;inf;220;417;0;;
239;2027;inf;220;417;0;;
240;2028;inf;220;417;0;;
241;2029;inf;220;417;0;;
242;2030;inf;220;417;0;;
243;2020;inf;230;439;0;;
244;2021;inf;230;439;0;;
245;2022;inf;230;439;0;;
246;2023;inf;230;439;0;;
247;2024;inf;230;439;0;;
248;2025;inf;230;439;0;;
249;2026;inf;230;439;0;;
250;2027;inf;230;439;0;;
251;2028;inf;230;439;0;;
252;2029;inf;230;439;0;;
253;2030;inf;230;439;0;;
276;2020;inf;234;444;0;;
277;2021;inf;234;444;0;;
278;2022;inf;234;444;0;;
279;2023;inf;234;444;0;;
280;2024;inf;234;444;0;;
281;2025;inf;234;444;0;;
282;2026;inf;234;444;0;;
283;2027;inf;234;444;0;;
284;2028;inf;234;444;0;;
285;2029;inf;234;444;0;;
286;2030;inf;234;444;0;;
287;2020;inf;219;416;0;;
288;2021;inf;219;416;0;;
289;2022;inf;219;416;0;;
290;2023;inf;219;416;0;;
291;2024;inf;219;416;0;;
292;2025;inf;219;416;0;;
293;2026;inf;219;416;0;;
294;2027;inf;219;416;0;;
295;2028;inf;219;416;0;;
296;2029;inf;219;416;0;;
297;2030;inf;219;416;0;;
313;2016;inf;130;219;0;;
314;2017;inf;130;219;0;;
315;2018;inf;130;219;0;;
316;2019;inf;130;219;0;;
317;2020;inf;130;219;0;;
318;2021;inf;130;219;0;;
319;2022;inf;130;219;0;;
320;2023;inf;130;219;0;;
321;2024;inf;130;219;0;;
322;2025;inf;130;219;0;;
323;2026;inf;130;219;0;;
324;2027;inf;130;219;0;;
325;2028;inf;130;219;0;;
326;2029;inf;130;219;0;;
327;2030;inf;130;219;0;;
328;2016;inf;132;219;0;;
329;2017;inf;132;219;0;;
330;2018;inf;132;219;0;;
331;2019;inf;132;219;0;;
332;2020;inf;132;219;0;;
333;2021;inf;132;219;0;;
334;2022;inf;132;219;0;;
335;2023;inf;132;219;0;;
336;2024;inf;132;219;0;;
337;2025;inf;132;219;0;;
338;2026;inf;132;219;0;;
339;2027;inf;132;219;0;;
340;2028;inf;132;219;0;;
341;2029;inf;132;219;0;;
342;2030;inf;132;219;0;;
343;2016;inf;133;219;0;;
344;2017;inf;133;219;0;;
345;2018;inf;133;219;0;;
346;2019;inf;133;219;0;;
347;2020;inf;133;219;0;;
348;2021;inf;133;219;0;;
349;2022;inf;133;219;0;;
350;2023;inf;133;219;0;;
351;2024;inf;133;219;0;;
352;2025;inf;133;219;0;;
353;2026;inf;133;219;0;;
354;2027;inf;133;219;0;;
355;2028;inf;133;219;0;;
356;2029;inf;133;219;0;;
357;2030;inf;133;219;0;;
358;2016;inf;101;201;0;;
359;2017;inf;101;201;0;;
360;2018;inf;101;201;0;;
361;2019;inf;101;201;0;;
362;2020;inf;101;201;0;;
363;2021;inf;101;201;0;;
364;2022;inf;101;201;0;;
365;2023;inf;101;201;0;;
366;2024;inf;101;201;0;;
367;2025;inf;101;201;0;;
368;2026;inf;101;201;0;;
369;2027;inf;101;201;0;;
370;2028;inf;101;201;0;;
371;2029;inf;101;201;0;;
372;2030;inf;101;201;0;;
373;2016;inf;101;207;0;;
374;2017;inf;101;207;0;;
375;2018;inf;101;207;0;;
376;2019;inf;101;207;0;;
377;2020;inf;101;207;0;;
378;2021;inf;101;207;0;;
379;2022;inf;101;207;0;;
380;2023;inf;101;207;0;;
381;2024;inf;101;207;0;;
382;2025;inf;101;207;0;;
383;2026;inf;101;207;0;;
384;2027;inf;101;207;0;;
385;2028;inf;101;207;0;;
386;2029;inf;101;207;0;;
387;2030;inf;101;207;0;;
388;2016;inf;112;201;0;;
389;2017;inf;112;201;0;;
390;2018;inf;112;201;0;;
391;2019;inf;112;201;0;;
392;2020;inf;112;201;0;;
393;2021;inf;112;201;0;;
394;2022;inf;112;201;0;;
395;2023;inf;112;201;0;;
396;2024;inf;112;201;0;;
397;2025;inf;112;201;0;;
398;2026;inf;112;201;0;;
399;2027;inf;112;201;0;;
400;2028;inf;112;201;0;;
401;2029;inf;112;201;0;;
402;2030;inf;112;201;0;;
403;2016;inf;112;207;0;;
404;2017;inf;112;207;0;;
405;2018;inf;112;207;0;;
406;2019;inf;112;207;0;;
407;2020;inf;112;207;0;;
408;2021;inf;112;207;0;;
409;2022;inf;112;207;0;;
410;2023;inf;112;207;0;;
411;2024;inf;112;207;0;;
412;2025;inf;112;207;0;;
413;2026;inf;112;207;0;;
414;2027;inf;112;207;0;;
415;2028;inf;112;207;0;;
416;2029;inf;112;207;0;;
417;2030;inf;112;207;0;;
418;2016;inf;114;201;0;;
419;2017;inf;114;201;0;;
420;2018;inf;114;201;0;;
421;2019;inf;114;201;0;;
422;2020;inf;114;201;0;;
423;2021;inf;114;201;0;;
424;2022;inf;114;201;0;;
425;2023;inf;114;201;0;;
426;2024;inf;114;201;0;;
427;2025;inf;114;201;0;;
428;2026;inf;114;201;0;;
429;2027;inf;114;201;0;;
430;2028;inf;114;201;0;;
431;2029;inf;114;201;0;;
432;2030;inf;114;201;0;;
433;2016;inf;114;207;0;;
434;2017;inf;114;207;0;;
435;2018;inf;114;207;0;;
436;2019;inf;114;207;0;;
437;2020;inf;114;207;0;;
438;2021;inf;114;207;0;;
439;2022;inf;114;207;0;;
440;2023;inf;114;207;0;;
441;2024;inf;114;207;0;;
442;2025;inf;114;207;0;;
443;2026;inf;114;207;0;;
444;2027;inf;114;207;0;;
445;2028;inf;114;207;0;;
446;2029;inf;114;207;0;;
447;2030;inf;114;207;0;;
448;2016;inf;115;201;0;;
449;2017;inf;115;201;0;;
450;2018;inf;115;201;0;;
451;2019;inf;115;201;0;;
452;2020;inf;115;201;0;;
453;2021;inf;115;201;0;;
454;2022;inf;115;201;0;;
455;2023;inf;115;201;0;;
456;2024;inf;115;201;0;;
457;2025;inf;115;201;0;;
458;2026;inf;115;201;0;;
459;2027;inf;115;201;0;;
460;2028;inf;115;201;0;;
461;2029;inf;115;201;0;;
462;2030;inf;115;201;0;;
463;2016;inf;115;207;0;;
464;2017;inf;115;207;0;;
465;2018;inf;115;207;0;;
466;2019;inf;115;207;0;;
467;2020;inf;115;207;0;;
468;2021;inf;115;207;0;;
469;2022;inf;115;207;0;;
470;2023;inf;115;207;0;;
471;2024;inf;115;207;0;;
472;2025;inf;115;207;0;;
473;2026;inf;115;207;0;;
474;2027;inf;115;207;0;;
475;2028;inf;115;207;0;;
476;2029;inf;115;207;0;;
477;2030;inf;115;207;0;;
478;2016;region;1;207;0;;
479;2016;region;1;201;0;;
480;2017;region;1;207;0;;
481;2017;region;1;201;0;;
482;2018;region;1;207;0;;
483;2018;region;1;201;0;;
484;2019;region;1;207;0;;
485;2019;region;1;201;0;;
486;2020;region;1;207;0;;
487;2020;region;1;201;0;;
488;2021;region;1;207;0;;
489;2021;region;1;201;0;;
490;2022;region;1;207;0;;
491;2022;region;1;201;0;;
492;2023;region;1;207;0;;
493;2023;region;1;201;0;;
494;2024;region;1;207;0;;
495;2024;region;1;201;0;;
496;2025;region;1;207;0;;
497;2025;region;1;201;0;;
498;2026;region;1;207;0;;
499;2026;region;1;201;0;;
500;2027;region;1;207;0;;
501;2027;region;1;201;0;;
502;2028;region;1;207;0;;
503;2028;region;1;201;0;;
504;2029;region;1;207;0;;
505;2029;region;1;201;0;;
506;2030;region;1;207;0;;
507;2030;region;1;201;0;;
508;2016;region;2;7;0;;
509;2017;region;2;7;0;;
510;2018;region;2;7;0;;
511;2019;region;2;7;0;;
512;2020;region;2;7;0;;
513;2021;region;2;7;0;;
514;2022;region;2;7;0;;
515;2023;region;2;7;0;;
516;2024;region;2;7;0;;
517;2025;region;2;7;0;;
518;2026;region;2;7;0;;
519;2027;region;2;7;0;;
520;2028;region;2;7;0;;
521;2029;region;2;7;0;;
522;2030;region;2;7;0;;
523;2016;region;3;342;0;;
524;2017;region;3;342;0;;
525;2018;region;3;342;0;;
526;2019;region;3;342;0;;
527;2020;region;3;102;0;;
528;2021;region;3;102;0;;
529;2022;region;3;102;0;;
530;2023;region;3;102;0;;
531;2024;region;3;102;0;;
532;2025;region;3;102;0;;
533;2026;region;3;102;0;;
534;2027;region;3;102;0;;
535;2028;region;3;102;0;;
536;2029;region;3;102;0;;
537;2030;region;3;102;0;;
538;2016;region;5;104;0;;
539;2017;region;5;104;0;;
540;2018;region;5;104;0;;
541;2019;region;5;104;0;;
542;2020;region;5;104;0;;
543;2021;region;5;104;0;;
544;2022;region;5;104;0;;
545;2023;region;5;104;0;;
546;2024;region;5;104;0;;
547;2025;region;5;104;0;;
548;2026;region;5;104;0;;
549;2027;region;5;104;0;;
550;2028;region;5;104;0;;
551;2029;region;5;104;0;;
552;2030;region;5;104;0;;
568;2016;region;10;435;0;;
569;2017;region;10;435;0;;
570;2018;region;10;435;0;;
571;2019;region;10;435;0;;
572;2020;region;10;435;0;;
573;2021;region;10;435;0;;
574;2022;region;10;435;0;;
575;2023;region;10;435;0;;
576;2024;region;10;435;0;;
577;2025;region;10;435;0;;
578;2026;region;10;435;0;;
579;2027;region;10;435;0;;
580;2028;region;10;435;0;;
581;2029;region;10;435;0;;
582;2030;region;10;435;0;;
583;2016;region;12;208;0;;
584;2016;region;12;202;0;;
585;2017;region;12;208;0;;
586;2017;region;12;202;0;;
587;2018;region;12;208;0;;
588;2018;region;12;202;0;;
589;2019;region;12;208;0;;
590;2019;region;12;202;0;;
591;2020;region;12;208;0;;
592;2020;region;12;202;0;;
593;2021;region;12;208;0;;
594;2021;region;12;202;0;;
595;2022;region;12;208;0;;
596;2022;region;12;202;0;;
597;2023;region;12;208;0;;
598;2023;region;12;202;0;;
599;2024;region;12;208;0;;
600;2024;region;12;202;0;;
601;2025;region;12;208;0;;
602;2025;region;12;202;0;;
603;2026;region;12;208;0;;
604;2026;region;12;202;0;;
605;2027;region;12;208;0;;
606;2027;region;12;202;0;;
607;2028;region;12;208;0;;
608;2028;region;12;202;0;;
609;2029;region;12;208;0;;
610;2029;region;12;202;0;;
611;2030;region;12;208;0;;
612;2030;region;12;202;0;;
613;2016;region;13;328;0;;
614;2017;region;13;328;0;;
615;2018;region;13;328;0;;
616;2019;region;13;328;0;;
617;2020;region;13;433;0;;
618;2021;region;13;433;0;;
619;2022;region;13;433;0;;
620;2023;region;13;433;0;;
621;2024;region;13;433;0;;
622;2025;region;13;433;0;;
623;2026;region;13;433;0;;
624;2027;region;13;433;0;;
625;2028;region;13;433;0;;
626;2029;region;13;433;0;;
627;2030;region;13;433;0;;
628;2016;region;14;227;0;;
629;2017;region;14;227;0;;
630;2018;region;14;227;0;;
631;2019;region;14;227;0;;
632;2020;region;14;227;0;;
633;2021;region;14;227;0;;
634;2022;region;14;227;0;;
635;2023;region;14;227;0;;
636;2024;region;14;227;0;;
637;2025;region;14;227;0;;
638;2026;region;14;227;0;;
639;2027;region;14;227;0;;
640;2028;region;14;227;0;;
641;2029;region;14;227;0;;
642;2030;region;14;227;0;;
643;2016;region;15;225;0;;
644;2017;region;15;225;0;;
645;2018;region;15;225;0;;
646;2019;region;15;225;0;;
647;2020;region;15;225;0;;
648;2021;region;15;225;0;;
649;2022;region;15;225;0;;
650;2023;region;15;225;0;;
651;2024;region;15;225;0;;
652;2025;region;15;225;0;;
653;2026;region;15;225;0;;
654;2027;region;15;225;0;;
655;2028;region;15;225;0;;
656;2029;region;15;225;0;;
657;2030;region;15;225;0;;
658;2016;region;16;135;0;;
659;2017;region;16;135;0;;
660;2018;region;16;135;0;;
661;2019;region;16;135;0;;
662;2020;region;16;135;0;;
663;2021;region;16;135;0;;
664;2022;region;16;135;0;;
665;2023;region;16;135;0;;
666;2024;region;16;135;0;;
667;2025;region;16;135;0;;
668;2026;region;16;135;0;;
669;2027;region;16;135;0;;
670;2028;region;16;135;0;;
671;2029;region;16;135;0;;
672;2030;region;16;135;0;;
673;2016;region;17;138;0;;
674;2017;region;17;138;0;;
675;2018;region;17;138;0;;
676;2019;region;17;138;0;;
677;2020;region;17;138;0;;
678;2021;region;17;138;0;;
679;2022;region;17;138;0;;
680;2023;region;17;138;0;;
681;2024;region;17;138;0;;
682;2025;region;17;138;0;;
683;2026;region;17;138;0;;
684;2027;region;17;138;0;;
685;2028;region;17;138;0;;
686;2029;region;17;138;0;;
687;2030;region;17;138;0;;
688;2016;region;18;137;0;;
689;2017;region;18;137;0;;
690;2018;region;18;137;0;;
691;2019;region;18;137;0;;
692;2020;region;18;137;0;;
693;2021;region;18;137;0;;
694;2022;region;18;137;0;;
695;2023;region;18;137;0;;
696;2024;region;18;137;0;;
697;2025;region;18;137;0;;
698;2026;region;18;137;0;;
699;2027;region;18;137;0;;
700;2028;region;18;137;0;;
701;2029;region;18;137;0;;
702;2030;region;18;137;0;;
703;2016;region;19;223;0;;
704;2017;region;19;223;0;;
705;2018;region;19;223;0;;
706;2019;region;19;223;0;;
707;2020;region;19;223;0;;
708;2021;region;19;223;0;;
709;2022;region;19;223;0;;
710;2023;region;19;223;0;;
711;2024;region;19;223;0;;
712;2025;region;19;223;0;;
713;2026;region;19;223;0;;
714;2027;region;19;223;0;;
715;2028;region;19;223;0;;
716;2029;region;19;223;0;;
717;2030;region;19;223;0;;
718;2016;region;20;136;0;;
719;2017;region;20;136;0;;
720;2018;region;20;136;0;;
721;2019;region;20;136;0;;
722;2020;region;20;136;0;;
723;2021;region;20;136;0;;
724;2022;region;20;136;0;;
725;2023;region;20;136;0;;
726;2024;region;20;136;0;;
727;2025;region;20;136;0;;
728;2026;region;20;136;0;;
729;2027;region;20;136;0;;
730;2028;region;20;136;0;;
731;2029;region;20;136;0;;
732;2030;region;20;136;0;;
733;2016;region;21;426;0;;
734;2017;region;21;426;0;;
735;2018;region;21;426;0;;
736;2019;region;21;426;0;;
737;2020;region;21;426;0;;
738;2021;region;21;426;0;;
739;2022;region;21;426;0;;
740;2023;region;21;426;0;;
741;2024;region;21;426;0;;
742;2025;region;21;426;0;;
743;2026;region;21;426;0;;
744;2027;region;21;426;0;;
745;2028;region;21;426;0;;
746;2029;region;21;426;0;;
747;2030;region;21;426;0;;
748;2016;region;22;224;0;;
749;2017;region;22;224;0;;
750;2018;region;22;224;0;;
751;2019;region;22;224;0;;
752;2020;region;22;224;0;;
753;2021;region;22;224;0;;
754;2022;region;22;224;0;;
755;2023;region;22;224;0;;
756;2024;region;22;224;0;;
757;2025;region;22;224;0;;
758;2026;region;22;224;0;;
759;2027;region;22;224;0;;
760;2028;region;22;224;0;;
761;2029;region;22;224;0;;
762;2030;region;22;224;0;;
763;2016;region;23;226;0;;
764;2017;region;23;226;0;;
765;2018;region;23;226;0;;
766;2019;region;23;226;0;;
767;2020;region;23;226;0;;
768;2021;region;23;226;0;;
769;2022;region;23;226;0;;
770;2023;region;23;226;0;;
771;2024;region;23;226;0;;
772;2025;region;23;226;0;;
773;2026;region;23;226;0;;
774;2027;region;23;226;0;;
775;2028;region;23;226;0;;
776;2029;region;23;226;0;;
777;2030;region;23;226;0;;
778;2016;region;24;427;0;;
779;2017;region;24;427;0;;
780;2018;region;24;427;0;;
781;2019;region;24;427;0;;
782;2020;region;24;427;0;;
783;2021;region;24;427;0;;
784;2022;region;24;427;0;;
785;2023;region;24;427;0;;
786;2024;region;24;427;0;;
787;2025;region;24;427;0;;
788;2026;region;24;427;0;;
789;2027;region;24;427;0;;
790;2028;region;24;427;0;;
791;2029;region;24;427;0;;
792;2030;region;24;427;0;;
793;2016;region;25;428;0;;
794;2017;region;25;428;0;;
795;2018;region;25;428;0;;
796;2019;region;25;428;0;;
797;2020;region;25;428;0;;
798;2021;region;25;428;0;;
799;2022;region;25;428;0;;
800;2023;region;25;428;0;;
801;2024;region;25;428;0;;
802;2025;region;25;428;0;;
803;2026;region;25;428;0;;
804;2027;region;25;428;0;;
805;2028;region;25;428;0;;
806;2029;region;25;428;0;;
807;2030;region;25;428;0;;
808;2016;region;26;429;0;;
809;2017;region;26;429;0;;
810;2018;region;26;429;0;;
811;2019;region;26;429;0;;
812;2020;region;26;429;0;;
813;2021;region;26;429;0;;
814;2022;region;26;429;0;;
815;2023;region;26;429;0;;
816;2024;region;26;429;0;;
817;2025;region;26;429;0;;
818;2026;region;26;429;0;;
819;2027;region;26;429;0;;
820;2028;region;26;429;0;;
821;2029;region;26;429;0;;
822;2030;region;26;429;0;;
823;2016;region;27;425;0;;
824;2017;region;27;425;0;;
825;2018;region;27;425;0;;
826;2019;region;27;425;0;;
827;2020;region;27;425;0;;
828;2021;region;27;425;0;;
829;2022;region;27;425;0;;
830;2023;region;27;425;0;;
831;2024;region;27;425;0;;
832;2025;region;27;425;0;;
833;2026;region;27;425;0;;
834;2027;region;27;425;0;;
835;2028;region;27;425;0;;
836;2029;region;27;425;0;;
837;2030;region;27;425;0;;
838;2016;region;28;140;0;;
839;2017;region;28;140;0;;
840;2018;region;28;140;0;;
841;2019;region;28;140;0;;
842;2020;region;28;140;0;;
843;2021;region;28;140;0;;
844;2022;region;28;140;0;;
845;2023;region;28;140;0;;
846;2024;region;28;140;0;;
847;2025;region;28;140;0;;
848;2026;region;28;140;0;;
849;2027;region;28;140;0;;
850;2028;region;28;140;0;;
851;2029;region;28;140;0;;
852;2030;region;28;140;0;;
853;2016;region;29;225;0;;
854;2017;region;29;225;0;;
855;2018;region;29;225;0;;
856;2019;region;29;225;0;;
857;2020;region;29;225;0;;
858;2021;region;29;225;0;;
859;2022;region;29;225;0;;
860;2023;region;29;225;0;;
861;2024;region;29;225;0;;
862;2025;region;29;225;0;;
863;2026;region;29;225;0;;
864;2027;region;29;225;0;;
865;2028;region;29;225;0;;
866;2029;region;29;225;0;;
867;2030;region;29;225;0;;
868;2016;region;30;139;0;;
869;2017;region;30;139;0;;
870;2018;region;30;139;0;;
871;2019;region;30;139;0;;
872;2020;region;30;139;0;;
873;2021;region;30;139;0;;
874;2022;region;30;139;0;;
875;2023;region;30;139;0;;
876;2024;region;30;139;0;;
877;2025;region;30;139;0;;
878;2026;region;30;139;0;;
879;2027;region;30;139;0;;
880;2028;region;30;139;0;;
881;2029;region;30;139;0;;
882;2030;region;30;139;0;;
883;2016;region;31;143;0;;
884;2017;region;31;143;0;;
885;2018;region;31;143;0;;
886;2019;region;31;143;0;;
887;2020;region;31;143;0;;
888;2021;region;31;143;0;;
889;2022;region;31;143;0;;
890;2023;region;31;143;0;;
891;2024;region;31;143;0;;
892;2025;region;31;143;0;;
893;2026;region;31;143;0;;
894;2027;region;31;143;0;;
895;2028;region;31;143;0;;
896;2029;region;31;143;0;;
897;2030;region;31;143;0;;
898;2016;region;32;229;0;;
899;2017;region;32;229;0;;
900;2018;region;32;229;0;;
901;2019;region;32;229;0;;
902;2020;region;32;229;0;;
903;2021;region;32;229;0;;
904;2022;region;32;229;0;;
905;2023;region;32;229;0;;
906;2024;region;32;229;0;;
907;2025;region;32;229;0;;
908;2026;region;32;229;0;;
909;2027;region;32;229;0;;
910;2028;region;32;229;0;;
911;2029;region;32;229;0;;
912;2030;region;32;229;0;;
913;2016;region;33;228;0;;
914;2017;region;33;228;0;;
915;2018;region;33;228;0;;
916;2019;region;33;228;0;;
917;2020;region;33;228;0;;
918;2021;region;33;228;0;;
919;2022;region;33;228;0;;
920;2023;region;33;228;0;;
921;2024;region;33;228;0;;
922;2025;region;33;228;0;;
923;2026;region;33;228;0;;
924;2027;region;33;228;0;;
925;2028;region;33;228;0;;
926;2029;region;33;228;0;;
927;2030;region;33;228;0;;
928;2016;region;34;141;0;;
929;2017;region;34;141;0;;
930;2018;region;34;141;0;;
931;2019;region;34;141;0;;
932;2020;region;34;141;0;;
933;2021;region;34;141;0;;
934;2022;region;34;141;0;;
935;2023;region;34;141;0;;
936;2024;region;34;141;0;;
937;2025;region;34;141;0;;
938;2026;region;34;141;0;;
939;2027;region;34;141;0;;
940;2028;region;34;141;0;;
941;2029;region;34;141;0;;
942;2030;region;34;141;0;;
943;2016;region;35;213;0;;
944;2017;region;35;213;0;;
945;2018;region;35;213;0;;
946;2019;region;35;213;0;;
947;2020;region;35;213;0;;
948;2021;region;35;213;0;;
949;2022;region;35;213;0;;
950;2023;region;35;213;0;;
951;2024;region;35;213;0;;
952;2025;region;35;213;0;;
953;2026;region;35;213;0;;
954;2027;region;35;213;0;;
955;2028;region;35;213;0;;
956;2029;region;35;213;0;;
957;2030;region;35;213;0;;
958;2016;region;36;101;0;;
959;2017;region;36;101;0;;
960;2018;region;36;101;0;;
961;2019;region;36;101;0;;
962;2020;region;36;101;0;;
963;2021;region;36;101;0;;
964;2022;region;36;101;0;;
965;2023;region;36;101;0;;
966;2024;region;36;101;0;;
967;2025;region;36;101;0;;
968;2026;region;36;101;0;;
969;2027;region;36;101;0;;
970;2028;region;36;101;0;;
971;2029;region;36;101;0;;
972;2030;region;36;101;0;;
973;2016;region;37;201;0;;
974;2017;region;37;201;0;;
975;2018;region;37;201;0;;
976;2019;region;37;201;0;;
977;2020;region;37;121;0;;
978;2021;region;37;121;0;;
979;2022;region;37;121;0;;
980;2023;region;37;121;0;;
981;2024;region;37;121;0;;
982;2025;region;37;121;0;;
983;2026;region;37;121;0;;
984;2027;region;37;121;0;;
985;2028;region;37;121;0;;
986;2029;region;37;121;0;;
987;2030;region;37;121;0;;
988;2016;region;38;118;0;;
989;2017;region;38;118;0;;
990;2018;region;38;118;0;;
991;2019;region;38;118;0;;
992;2020;region;38;118;0;;
993;2021;region;38;118;0;;
994;2022;region;38;118;0;;
995;2023;region;38;118;0;;
996;2024;region;38;118;0;;
997;2025;region;38;118;0;;
998;2026;region;38;118;0;;
999;2027;region;38;118;0;;
1000;2028;region;38;118;0;;
1001;2029;region;38;118;0;;
1002;2030;region;38;118;0;;
1003;2016;region;39;119;0;;
1004;2017;region;39;119;0;;
1005;2018;region;39;119;0;;
1006;2019;region;39;119;0;;
1007;2020;region;39;119;0;;
1008;2021;region;39;119;0;;
1009;2022;region;39;119;0;;
1010;2023;region;39;119;0;;
1011;2024;region;39;119;0;;
1012;2025;region;39;119;0;;
1013;2026;region;39;119;0;;
1014;2027;region;39;119;0;;
1015;2028;region;39;119;0;;
1016;2029;region;39;119;0;;
1017;2030;region;39;119;0;;
1018;2016;region;40;117;0;;
1019;2017;region;40;117;0;;
1020;2018;region;40;117;0;;
1021;2019;region;40;117;0;;
1022;2020;region;40;117;0;;
1023;2021;region;40;117;0;;
1024;2022;region;40;117;0;;
1025;2023;region;40;117;0;;
1026;2024;region;40;117;0;;
1027;2025;region;40;117;0;;
1028;2026;region;40;117;0;;
1029;2027;region;40;117;0;;
1030;2028;region;40;117;0;;
1031;2029;region;40;117;0;;
1032;2030;region;40;117;0;;
1033;2016;region;41;113;0;;
1034;2017;region;41;113;0;;
1035;2018;region;41;113;0;;
1036;2019;region;41;113;0;;
1037;2020;region;41;113;0;;
1038;2021;region;41;113;0;;
1039;2022;region;41;113;0;;
1040;2023;region;41;113;0;;
1041;2024;region;41;113;0;;
1042;2025;region;41;113;0;;
1043;2026;region;41;113;0;;
1044;2027;region;41;113;0;;
1045;2028;region;41;113;0;;
1046;2029;region;41;113;0;;
1047;2030;region;41;113;0;;
1048;2016;region;42;112;0;;
1049;2017;region;42;112;0;;
1050;2018;region;42;112;0;;
1051;2019;region;42;112;0;;
1052;2020;region;42;112;0;;
1053;2021;region;42;112;0;;
1054;2022;region;42;112;0;;
1055;2023;region;42;112;0;;
1056;2024;region;42;112;0;;
1057;2025;region;42;112;0;;
1058;2026;region;42;112;0;;
1059;2027;region;42;112;0;;
1060;2028;region;42;112;0;;
1061;2029;region;42;112;0;;
1062;2030;region;42;112;0;;
1063;2016;region;43;115;0;;
1064;2017;region;43;115;0;;
1065;2018;region;43;115;0;;
1066;2019;region;43;115;0;;
1067;2020;region;43;115;0;;
1068;2021;region;43;115;0;;
1069;2022;region;43;115;0;;
1070;2023;region;43;115;0;;
1071;2024;region;43;115;0;;
1072;2025;region;43;115;0;;
1073;2026;region;43;115;0;;
1074;2027;region;43;115;0;;
1075;2028;region;43;115;0;;
1076;2029;region;43;115;0;;
1077;2030;region;43;115;0;;
1078;2016;region;45;214;0;;
1079;2017;region;45;214;0;;
1080;2018;region;45;214;0;;
1081;2019;region;45;214;0;;
1082;2020;region;45;214;0;;
1083;2021;region;45;214;0;;
1084;2022;region;45;214;0;;
1085;2023;region;45;214;0;;
1086;2024;region;45;214;0;;
1087;2025;region;45;214;0;;
1088;2026;region;45;214;0;;
1089;2027;region;45;214;0;;
1090;2028;region;45;214;0;;
1091;2029;region;45;214;0;;
1092;2030;region;45;214;0;;
1093;2016;region;44;114;0;;
1094;2017;region;44;114;0;;
1095;2018;region;44;114;0;;
1096;2019;region;44;114;0;;
1097;2020;region;44;114;0;;
1098;2021;region;44;114;0;;
1099;2022;region;44;114;0;;
1100;2023;region;44;114;0;;
1101;2024;region;44;114;0;;
1102;2025;region;44;114;0;;
1103;2026;region;44;114;0;;
1104;2027;region;44;114;0;;
1105;2028;region;44;114;0;;
1106;2029;region;44;114;0;;
1107;2030;region;44;114;0;;
1108;2016;region;46;411;0;;
1109;2017;region;46;411;0;;
1110;2018;region;46;411;0;;
1111;2019;region;46;411;0;;
1112;2020;region;46;411;0;;
1113;2021;region;46;411;0;;
1114;2022;region;46;411;0;;
1115;2023;region;46;411;0;;
1116;2024;region;46;411;0;;
1117;2025;region;46;411;0;;
1118;2026;region;46;411;0;;
1119;2027;region;46;411;0;;
1120;2028;region;46;411;0;;
1121;2029;region;46;411;0;;
1122;2030;region;46;411;0;;
1123;2016;region;47;410;0;;
1124;2017;region;47;410;0;;
1125;2018;region;47;410;0;;
1126;2019;region;47;410;0;;
1127;2020;region;47;410;0;;
1128;2021;region;47;410;0;;
1129;2022;region;47;410;0;;
1130;2023;region;47;410;0;;
1131;2024;region;47;410;0;;
1132;2025;region;47;410;0;;
1133;2026;region;47;410;0;;
1134;2027;region;47;410;0;;
1135;2028;region;47;410;0;;
1136;2029;region;47;410;0;;
1137;2030;region;47;410;0;;
1138;2016;region;48;116;0;;
1139;2017;region;48;116;0;;
1140;2018;region;48;116;0;;
1141;2019;region;48;116;0;;
1142;2020;region;48;116;0;;
1143;2021;region;48;116;0;;
1144;2022;region;48;116;0;;
1145;2023;region;48;116;0;;
1146;2024;region;48;116;0;;
1147;2025;region;48;116;0;;
1148;2026;region;48;116;0;;
1149;2027;region;48;116;0;;
1150;2028;region;48;116;0;;
1151;2029;region;48;116;0;;
1152;2030;region;48;116;0;;
1153;2016;region;49;233;0;;
1154;2017;region;49;233;0;;
1155;2018;region;49;233;0;;
1156;2019;region;49;233;0;;
1157;2020;region;49;233;0;;
1158;2021;region;49;233;0;;
1159;2022;region;49;233;0;;
1160;2023;region;49;233;0;;
1161;2024;region;49;233;0;;
1162;2025;region;49;233;0;;
1163;2026;region;49;233;0;;
1164;2027;region;49;233;0;;
1165;2028;region;49;233;0;;
1166;2029;region;49;233;0;;
1167;2030;region;49;233;0;;
1168;2016;region;50;232;0;;
1169;2017;region;50;232;0;;
1170;2018;region;50;232;0;;
1171;2019;region;50;232;0;;
1172;2020;region;50;232;0;;
1173;2021;region;50;232;0;;
1174;2022;region;50;232;0;;
1175;2023;region;50;232;0;;
1176;2024;region;50;232;0;;
1177;2025;region;50;232;0;;
1178;2026;region;50;232;0;;
1179;2027;region;50;232;0;;
1180;2028;region;50;232;0;;
1181;2029;region;50;232;0;;
1182;2030;region;50;232;0;;
1183;2016;region;51;235;0;;
1184;2017;region;51;235;0;;
1185;2018;region;51;235;0;;
1186;2019;region;51;235;0;;
1187;2020;region;51;235;0;;
1188;2021;region;51;235;0;;
1189;2022;region;51;235;0;;
1190;2023;region;51;235;0;;
1191;2024;region;51;235;0;;
1192;2025;region;51;235;0;;
1193;2026;region;51;235;0;;
1194;2027;region;51;235;0;;
1195;2028;region;51;235;0;;
1196;2029;region;51;235;0;;
1197;2030;region;51;235;0;;
1198;2016;region;52;231;0;;
1199;2017;region;52;231;0;;
1200;2018;region;52;231;0;;
1201;2019;region;52;231;0;;
1202;2020;region;52;231;0;;
1203;2021;region;52;231;0;;
1204;2022;region;52;231;0;;
1205;2023;region;52;231;0;;
1206;2024;region;52;231;0;;
1207;2025;region;52;231;0;;
1208;2026;region;52;231;0;;
1209;2027;region;52;231;0;;
1210;2028;region;52;231;0;;
1211;2029;region;52;231;0;;
1212;2030;region;52;231;0;;
1213;2016;region;53;230;0;;
1214;2017;region;53;230;0;;
1215;2018;region;53;230;0;;
1216;2019;region;53;230;0;;
1217;2020;region;53;230;0;;
1218;2021;region;53;230;0;;
1219;2022;region;53;230;0;;
1220;2023;region;53;230;0;;
1221;2024;region;53;230;0;;
1222;2025;region;53;230;0;;
1223;2026;region;53;230;0;;
1224;2027;region;53;230;0;;
1225;2028;region;53;230;0;;
1226;2029;region;53;230;0;;
1227;2030;region;53;230;0;;
1228;2016;region;54;440;0;;
1229;2017;region;54;440;0;;
1230;2018;region;54;440;0;;
1231;2019;region;54;440;0;;
1232;2020;region;54;440;0;;
1233;2021;region;54;440;0;;
1234;2022;region;54;440;0;;
1235;2023;region;54;440;0;;
1236;2024;region;54;440;0;;
1237;2025;region;54;440;0;;
1238;2026;region;54;440;0;;
1239;2027;region;54;440;0;;
1240;2028;region;54;440;0;;
1241;2029;region;54;440;0;;
1242;2030;region;54;440;0;;
1243;2016;region;55;234;0;;
1244;2017;region;55;234;0;;
1245;2018;region;55;234;0;;
1246;2019;region;55;234;0;;
1247;2020;region;55;234;0;;
1248;2021;region;55;234;0;;
1249;2022;region;55;234;0;;
1250;2023;region;55;234;0;;
1251;2024;region;55;234;0;;
1252;2025;region;55;234;0;;
1253;2026;region;55;234;0;;
1254;2027;region;55;234;0;;
1255;2028;region;55;234;0;;
1256;2029;region;55;234;0;;
1257;2030;region;55;234;0;;
1258;2016;region;56;345;0;;
1259;2017;region;56;345;0;;
1260;2018;region;56;345;0;;
1261;2019;region;56;345;0;;
1262;2020;region;56;238;0;;
1263;2021;region;56;238;0;;
1264;2022;region;56;238;0;;
1265;2023;region;56;238;0;;
1266;2024;region;56;238;0;;
1267;2025;region;56;238;0;;
1268;2026;region;56;238;0;;
1269;2027;region;56;238;0;;
1270;2028;region;56;238;0;;
1271;2029;region;56;238;0;;
1272;2030;region;56;238;0;;
1273;2016;region;57;210;0;;
1274;2017;region;57;210;0;;
1275;2018;region;57;210;0;;
1276;2019;region;57;210;0;;
1277;2020;region;57;210;0;;
1278;2021;region;57;210;0;;
1279;2022;region;57;210;0;;
1280;2023;region;57;210;0;;
1281;2024;region;57;210;0;;
1282;2025;region;57;210;0;;
1283;2026;region;57;210;0;;
1284;2027;region;57;210;0;;
1285;2028;region;57;210;0;;
1286;2029;region;57;210;0;;
1287;2030;region;57;210;0;;
1288;2016;region;58;343;0;;
1289;2017;region;58;343;0;;
1290;2018;region;58;343;0;;
1291;2019;region;58;236;0;;
1292;2020;region;58;236;0;;
1293;2021;region;58;236;0;;
1294;2022;region;58;236;0;;
1295;2023;region;58;236;0;;
1296;2024;region;58;236;0;;
1297;2025;region;58;236;0;;
1298;2026;region;58;236;0;;
1299;2027;region;58;236;0;;
1300;2028;region;58;236;0;;
1301;2029;region;58;236;0;;
1302;2030;region;58;236;0;;
1303;2016;region;59;205;0;;
1304;2017;region;59;205;0;;
1305;2018;region;59;205;0;;
1306;2019;region;59;205;0;;
1307;2020;region;59;110;0;;
1308;2021;region;59;110;0;;
1309;2022;region;59;110;0;;
1310;2023;region;59;110;0;;
1311;2024;region;59;110;0;;
1312;2025;region;59;110;0;;
1313;2026;region;59;110;0;;
1314;2027;region;59;110;0;;
1315;2028;region;59;110;0;;
1316;2029;region;59;110;0;;
1317;2030;region;59;110;0;;
1318;2016;region;60;205;0;;
1319;2017;region;60;205;0;;
1320;2018;region;60;205;0;;
1321;2019;region;60;205;0;;
1322;2020;region;60;111;0;;
1323;2021;region;60;111;0;;
1324;2022;region;60;111;0;;
1325;2023;region;60;111;0;;
1326;2024;region;60;111;0;;
1327;2025;region;60;111;0;;
1328;2026;region;60;111;0;;
1329;2027;region;60;111;0;;
1330;2028;region;60;111;0;;
1331;2029;region;60;111;0;;
1332;2030;region;60;111;0;;
1333;2016;region;61;205;0;;
1334;2017;region;61;205;0;;
1335;2018;region;61;205;0;;
1336;2019;region;61;205;0;;
1337;2020;region;61;205;0;;
1338;2021;region;61;205;0;;
1339;2022;region;61;205;0;;
1340;2023;region;61;205;0;;
1341;2024;region;61;205;0;;
1342;2025;region;61;205;0;;
1343;2026;region;61;205;0;;
1344;2027;region;61;205;0;;
1345;2028;region;61;205;0;;
1346;2029;region;61;205;0;;
1347;2030;region;61;205;0;;
1348;2016;region;62;302;0;;
1349;2017;region;62;302;0;;
1350;2018;region;62;302;0;;
1351;2019;region;62;302;0;;
1352;2020;region;62;211;0;;
1353;2021;region;62;211;0;;
1354;2022;region;62;211;0;;
1355;2023;region;62;211;0;;
1356;2024;region;62;211;0;;
1357;2025;region;62;211;0;;
1358;2026;region;62;211;0;;
1359;2027;region;62;211;0;;
1360;2028;region;62;211;0;;
1361;2029;region;62;211;0;;
1362;2030;region;62;211;0;;
1363;2016;region;63;212;0;;
1364;2017;region;63;212;0;;
1365;2018;region;63;212;0;;
1366;2019;region;63;212;0;;
1367;2020;region;63;212;0;;
1368;2021;region;63;212;0;;
1369;2022;region;63;212;0;;
1370;2023;region;63;212;0;;
1371;2024;region;63;212;0;;
1372;2025;region;63;212;0;;
1373;2026;region;63;212;0;;
1374;2027;region;63;212;0;;
1375;2028;region;63;212;0;;
1376;2029;region;63;212;0;;
1377;2030;region;63;212;0;;
1378;2016;region;64;205;0;;
1379;2017;region;64;205;0;;
1380;2018;region;64;205;0;;
1381;2019;region;64;205;0;;
1382;2020;region;64;109;0;;
1383;2021;region;64;109;0;;
1384;2022;region;64;109;0;;
1385;2023;region;64;109;0;;
1386;2024;region;64;109;0;;
1387;2025;region;64;109;0;;
1388;2026;region;64;109;0;;
1389;2027;region;64;109;0;;
1390;2028;region;64;109;0;;
1391;2029;region;64;109;0;;
1392;2030;region;64;109;0;;
1393;2016;region;65;205;0;;
1394;2017;region;65;205;0;;
1395;2018;region;65;205;0;;
1396;2019;region;65;205;0;;
1397;2020;region;65;107;0;;
1398;2021;region;65;107;0;;
1399;2022;region;65;107;0;;
1400;2023;region;65;107;0;;
1401;2024;region;65;107;0;;
1402;2025;region;65;107;0;;
1403;2026;region;65;107;0;;
1404;2027;region;65;107;0;;
1405;2028;region;65;107;0;;
1406;2029;region;65;107;0;;
1407;2030;region;65;107;0;;
1408;2016;region;66;8;0;;
1409;2017;region;66;8;0;;
1410;2018;region;66;8;0;;
1411;2019;region;66;8;0;;
1412;2020;region;66;106;0;;
1413;2021;region;66;106;0;;
1414;2022;region;66;106;0;;
1415;2023;region;66;106;0;;
1416;2024;region;66;106;0;;
1417;2025;region;66;106;0;;
1418;2026;region;66;106;0;;
1419;2027;region;66;106;0;;
1420;2028;region;66;106;0;;
1421;2029;region;66;106;0;;
1422;2030;region;66;106;0;;
1423;2016;region;67;447;0;;
1424;2017;region;67;447;0;;
1425;2018;region;67;447;0;;
1426;2019;region;67;447;0;;
1427;2020;region;67;447;0;;
1428;2021;region;67;447;0;;
1429;2022;region;67;447;0;;
1430;2023;region;67;447;0;;
1431;2024;region;67;447;0;;
1432;2025;region;67;447;0;;
1433;2026;region;67;447;0;;
1434;2027;region;67;447;0;;
1435;2028;region;67;447;0;;
1436;2029;region;67;447;0;;
1437;2030;region;67;447;0;;
1453;2016;region;69;402;0;;
1454;2017;region;69;402;0;;
1455;2018;region;69;402;0;;
1456;2019;region;69;402;0;;
1457;2020;region;69;402;0;;
1458;2021;region;69;402;0;;
1459;2022;region;69;402;0;;
1460;2023;region;69;402;0;;
1461;2024;region;69;402;0;;
1462;2025;region;69;402;0;;
1463;2026;region;69;402;0;;
1464;2027;region;69;402;0;;
1465;2028;region;69;402;0;;
1466;2029;region;69;402;0;;
1467;2030;region;69;402;0;;
1483;2016;region;71;7;0;;
1484;2017;region;71;7;0;;
1485;2018;region;71;7;0;;
1486;2019;region;71;7;0;;
1487;2020;region;71;7;0;;
1488;2021;region;71;7;0;;
1489;2022;region;71;103;0;;
1490;2023;region;71;103;0;;
1491;2024;region;71;103;0;;
1492;2025;region;71;103;0;;
1493;2026;region;71;103;0;;
1494;2027;region;71;103;0;;
1495;2028;region;71;103;0;;
1496;2029;region;71;103;0;;
1497;2030;region;71;103;0;;
1498;2016;region;72;206;0;;
1499;2017;region;72;206;0;;
1500;2018;region;72;206;0;;
1501;2019;region;72;206;0;;
1502;2020;region;72;206;0;;
1503;2021;region;72;206;0;;
1504;2022;region;72;206;0;;
1505;2023;region;72;206;0;;
1506;2024;region;72;206;0;;
1507;2025;region;72;206;0;;
1508;2026;region;72;206;0;;
1509;2027;region;72;206;0;;
1510;2028;region;72;206;0;;
1511;2029;region;72;206;0;;
1512;2030;region;72;206;0;;
1543;2016;region;76;215;0;;
1544;2017;region;76;215;0;;
1545;2018;region;76;215;0;;
1546;2019;region;76;215;0;;
1547;2020;region;76;215;0;;
1548;2021;region;76;215;0;;
1549;2022;region;76;215;0;;
1550;2023;region;76;215;0;;
1551;2024;region;76;215;0;;
1552;2025;region;76;215;0;;
1553;2026;region;76;215;0;;
1554;2027;region;76;215;0;;
1555;2028;region;76;215;0;;
1556;2029;region;76;215;0;;
1557;2030;region;76;215;0;;
1558;2016;region;77;420;0;;
1559;2017;region;77;420;0;;
1560;2018;region;77;420;0;;
1561;2019;region;77;420;0;;
1562;2020;region;77;420;0;;
1563;2021;region;77;420;0;;
1564;2022;region;77;420;0;;
1565;2023;region;77;420;0;;
1566;2024;region;77;420;0;;
1567;2025;region;77;420;0;;
1568;2026;region;77;420;0;;
1569;2027;region;77;420;0;;
1570;2028;region;77;420;0;;
1571;2029;region;77;420;0;;
1572;2030;region;77;420;0;;
1573;2016;region;78;134;0;;
1574;2017;region;78;134;0;;
1575;2018;region;78;134;0;;
1576;2019;region;78;134;0;;
1577;2020;region;78;134;0;;
1578;2021;region;78;134;0;;
1579;2022;region;78;134;0;;
1580;2023;region;78;134;0;;
1581;2024;region;78;134;0;;
1582;2025;region;78;134;0;;
1583;2026;region;78;134;0;;
1584;2027;region;78;134;0;;
1585;2028;region;78;134;0;;
1586;2029;region;78;134;0;;
1587;2030;region;78;134;0;;
1588;2016;region;79;222;0;;
1589;2017;region;79;222;0;;
1590;2018;region;79;222;0;;
1591;2019;region;79;222;0;;
1592;2020;region;79;222;0;;
1593;2021;region;79;222;0;;
1594;2022;region;79;222;0;;
1595;2023;region;79;222;0;;
1596;2024;region;79;222;0;;
1597;2025;region;79;222;0;;
1598;2026;region;79;222;0;;
1599;2027;region;79;222;0;;
1600;2028;region;79;222;0;;
1601;2029;region;79;222;0;;
1602;2030;region;79;222;0;;
1603;2016;region;80;221;0;;
1604;2017;region;80;221;0;;
1605;2018;region;80;221;0;;
1606;2019;region;80;221;0;;
1607;2020;region;80;221;0;;
1608;2021;region;80;221;0;;
1609;2022;region;80;221;0;;
1610;2023;region;80;221;0;;
1611;2024;region;80;221;0;;
1612;2025;region;80;221;0;;
1613;2026;region;80;221;0;;
1614;2027;region;80;221;0;;
1615;2028;region;80;221;0;;
1616;2029;region;80;221;0;;
1617;2030;region;80;221;0;;
1618;2016;region;81;218;0;;
1619;2017;region;81;218;0;;
1620;2018;region;81;218;0;;
1621;2019;region;81;218;0;;
1622;2020;region;81;218;0;;
1623;2021;region;81;218;0;;
1624;2022;region;81;218;0;;
1625;2023;region;81;218;0;;
1626;2024;region;81;218;0;;
1627;2025;region;81;218;0;;
1628;2026;region;81;218;0;;
1629;2027;region;81;218;0;;
1630;2028;region;81;218;0;;
1631;2029;region;81;218;0;;
1632;2030;region;81;218;0;;
1633;2016;region;82;216;0;;
1634;2017;region;82;216;0;;
1635;2018;region;82;216;0;;
1636;2019;region;82;216;0;;
1637;2020;region;82;216;0;;
1638;2021;region;82;216;0;;
1639;2022;region;82;216;0;;
1640;2023;region;82;216;0;;
1641;2024;region;82;216;0;;
1642;2025;region;82;216;0;;
1643;2026;region;82;216;0;;
1644;2027;region;82;216;0;;
1645;2028;region;82;216;0;;
1646;2029;region;82;216;0;;
1647;2030;region;82;216;0;;
1648;2016;region;83;220;0;;
1649;2017;region;83;220;0;;
1650;2018;region;83;220;0;;
1651;2019;region;83;220;0;;
1652;2020;region;83;220;0;;
1653;2021;region;83;220;0;;
1654;2022;region;83;220;0;;
1655;2023;region;83;220;0;;
1656;2024;region;83;220;0;;
1657;2025;region;83;220;0;;
1658;2026;region;83;220;0;;
1659;2027;region;83;220;0;;
1660;2028;region;83;220;0;;
1661;2029;region;83;220;0;;
1662;2030;region;83;220;0;;
1663;2016;region;84;217;0;;
1664;2017;region;84;217;0;;
1665;2018;region;84;217;0;;
1666;2019;region;84;217;0;;
1667;2020;region;84;217;0;;
1668;2021;region;84;217;0;;
1669;2022;region;84;217;0;;
1670;2023;region;84;217;0;;
1671;2024;region;84;217;0;;
1672;2025;region;84;217;0;;
1673;2026;region;84;217;0;;
1674;2027;region;84;217;0;;
1675;2028;region;84;217;0;;
1676;2029;region;84;217;0;;
1677;2030;region;84;217;0;;
1678;2016;region;85;219;0;;
1679;2017;region;85;219;0;;
1680;2018;region;85;219;0;;
1681;2019;region;85;219;0;;
1682;2020;region;85;219;0;;
1683;2021;region;85;219;0;;
1684;2022;region;85;219;0;;
1685;2023;region;85;219;0;;
1686;2024;region;85;219;0;;
1687;2025;region;85;219;0;;
1688;2026;region;85;219;0;;
1689;2027;region;85;219;0;;
1690;2028;region;85;219;0;;
1691;2029;region;85;219;0;;
1692;2030;region;85;219;0;;
1693;2016;region;86;346;0;;
1694;2017;region;86;346;0;;
1695;2018;region;86;346;0;;
1696;2019;region;86;346;0;;
1697;2020;region;86;239;0;;
1698;2021;region;86;239;0;;
1699;2022;region;86;239;0;;
1700;2023;region;86;239;0;;
1701;2024;region;86;239;0;;
1702;2025;region;86;239;0;;
1703;2026;region;86;239;0;;
1704;2027;region;86;239;0;;
1705;2028;region;86;239;0;;
1706;2029;region;86;239;0;;
1707;2030;region;86;239;0;;
1708;2016;region;87;347;0;;
1709;2017;region;87;347;0;;
1710;2018;region;87;347;0;;
1711;2019;region;87;347;0;;
1712;2020;region;87;240;0;;
1713;2021;region;87;240;0;;
1714;2022;region;87;240;0;;
1715;2023;region;87;240;0;;
1716;2024;region;87;240;0;;
1717;2025;region;87;240;0;;
1718;2026;region;87;240;0;;
1719;2027;region;87;240;0;;
1720;2028;region;87;240;0;;
1721;2029;region;87;240;0;;
1722;2030;region;87;240;0;;
1723;2016;region;88;344;0;;
1724;2017;region;88;344;0;;
1725;2018;region;88;344;0;;
1726;2019;region;88;344;0;;
1727;2020;region;88;237;0;;
1728;2021;region;88;237;0;;
1729;2022;region;88;237;0;;
1730;2023;region;88;237;0;;
1731;2024;region;88;237;0;;
1732;2025;region;88;237;0;;
1733;2026;region;88;237;0;;
1734;2027;region;88;237;0;;
1735;2028;region;88;237;0;;
1736;2029;region;88;237;0;;
1737;2030;region;88;237;0;;
1738;2016;region;89;432;0;;
1739;2017;region;89;432;0;;
1740;2018;region;89;432;0;;
1741;2019;region;89;432;0;;
1742;2020;region;89;432;0;;
1743;2021;region;89;432;0;;
1744;2022;region;89;432;0;;
1745;2023;region;89;432;0;;
1746;2024;region;89;432;0;;
1747;2025;region;89;432;0;;
1748;2026;region;89;432;0;;
1749;2027;region;89;432;0;;
1750;2028;region;89;432;0;;
1751;2029;region;89;432;0;;
1752;2030;region;89;432;0;;
1753;2016;region;90;131;0;;
1754;2017;region;90;131;0;;
1755;2018;region;90;131;0;;
1756;2019;region;90;131;0;;
1757;2020;region;90;131;0;;
1758;2021;region;90;131;0;;
1759;2022;region;90;131;0;;
1760;2023;region;90;131;0;;
1761;2024;region;90;131;0;;
1762;2025;region;90;131;0;;
1763;2026;region;90;131;0;;
1764;2027;region;90;131;0;;
1765;2028;region;90;131;0;;
1766;2029;region;90;131;0;;
1767;2030;region;90;131;0;;
1768;2016;region;91;446;0;;
1769;2017;region;91;446;0;;
1770;2018;region;91;446;0;;
1771;2019;region;91;446;0;;
1772;2020;region;91;446;0;;
1773;2021;region;91;446;0;;
1774;2022;region;91;446;0;;
1775;2023;region;91;446;0;;
1776;2024;region;91;446;0;;
1777;2025;region;91;446;0;;
1778;2026;region;91;446;0;;
1779;2027;region;91;446;0;;
1780;2028;region;91;446;0;;
1781;2029;region;91;446;0;;
1782;2030;region;91;446;0;;
1783;2016;region;92;434;0;;
1784;2017;region;92;434;0;;
1785;2018;region;92;434;0;;
1786;2019;region;92;434;0;;
1787;2020;region;92;434;0;;
1788;2021;region;92;434;0;;
1789;2022;region;92;434;0;;
1790;2023;region;92;434;0;;
1791;2024;region;92;434;0;;
1792;2025;region;92;434;0;;
1793;2026;region;92;434;0;;
1794;2027;region;92;434;0;;
1795;2028;region;92;434;0;;
1796;2029;region;92;434;0;;
1797;2030;region;92;434;0;;
1798;2016;region;95;120;0;;
1799;2017;region;95;120;0;;
1800;2018;region;95;120;0;;
1801;2019;region;95;120;0;;
1802;2020;region;95;120;0;;
1803;2021;region;95;120;0;;
1804;2022;region;95;120;0;;
1805;2023;region;95;120;0;;
1806;2024;region;95;120;0;;
1807;2025;region;95;120;0;;
1808;2026;region;95;120;0;;
1809;2027;region;95;120;0;;
1810;2028;region;95;120;0;;
1811;2029;region;95;120;0;;
1812;2030;region;95;120;0;;
1814;2016;region;94;430;0;;
1815;2017;region;94;430;0;;
1816;2018;region;94;430;0;;
1817;2019;region;94;430;0;;
1818;2020;region;94;430;0;;
1819;2021;region;94;430;0;;
1820;2022;region;94;430;0;;
1821;2023;region;94;430;0;;
1822;2024;region;94;430;0;;
1823;2025;region;94;430;0;;
1824;2026;region;94;430;0;;
1825;2027;region;94;430;0;;
1826;2028;region;94;430;0;;
1827;2029;region;94;430;0;;
1828;2030;region;94;430;0;;
1833;2020;inf;205;13;0;;
1834;2021;inf;205;13;0;;
1835;2022;inf;205;13;0;;
1836;2023;inf;205;13;0;;
1837;2024;inf;205;13;0;;
1838;2025;inf;205;13;0;;
1839;2026;inf;205;13;0;;
1840;2027;inf;205;13;0;;
1841;2028;inf;205;13;0;;
1842;2029;inf;205;13;0;;
1843;2030;inf;205;13;0;;
1844;2016;region;6;209;0;;
1846;2016;region;6;5;0;;
1847;2017;region;6;209;0;;
1849;2017;region;6;5;0;;
1850;2018;region;6;209;0;;
1852;2018;region;6;5;0;;
1853;2019;region;6;209;0;;
1855;2019;region;6;5;0;;
1856;2020;region;6;209;0;;
1858;2020;region;6;5;0;;
1859;2021;region;6;209;0;;
1861;2021;region;6;5;0;;
1862;2022;region;6;209;0;;
1864;2022;region;6;5;0;;
1865;2023;region;6;209;0;;
1866;2023;region;6;5;0;;
1868;2024;region;6;209;0;;
1871;2025;region;6;209;0;;
1874;2026;region;6;209;0;;
1877;2027;region;6;209;0;;
1880;2028;region;6;209;0;;
1883;2029;region;6;209;0;;
1886;2030;region;6;209;0;;
1904;2016;inf;202;2;0;;
1905;2017;inf;202;2;0;;
1906;2018;inf;202;2;0;;
1907;2019;inf;202;2;0;;
1908;2020;inf;202;11;0;;
1909;2021;inf;202;11;0;;
1910;2022;inf;202;11;0;;
1911;2023;inf;202;11;0;;
1912;2024;inf;202;11;0;;
1913;2025;inf;202;11;0;;
1914;2026;inf;202;11;0;;
1915;2027;inf;202;11;0;;
1916;2028;inf;202;11;0;;
1917;2029;inf;202;11;0;;
1918;2030;inf;202;11;0;;
1949;2016;inf;116;409;0;;
1950;2017;inf;116;409;0;;
1951;2018;inf;116;409;0;;
1952;2019;inf;116;409;0;;
1953;2020;inf;116;409;0;;
1954;2021;inf;116;409;0;;
1955;2022;inf;116;409;0;;
1956;2023;inf;116;409;0;;
1957;2024;inf;116;409;0;;
1958;2025;inf;116;409;0;;
1959;2026;inf;116;409;0;;
1960;2027;inf;116;409;0;;
1961;2028;inf;116;409;0;;
1962;2029;inf;116;409;0;;
1963;2030;inf;116;409;0;;
1964;2016;inf;217;414;0;;
1965;2016;inf;217;403;0;;
1966;2017;inf;217;414;0;;
1967;2017;inf;217;403;0;;
1968;2018;inf;217;414;0;;
1969;2018;inf;217;403;0;;
1970;2019;inf;217;414;0;;
1971;2019;inf;217;403;0;;
1972;2020;inf;217;414;0;;
1973;2020;inf;217;403;0;;
1974;2021;inf;217;414;0;;
1975;2021;inf;217;403;0;;
1976;2022;inf;217;414;0;;
1977;2022;inf;217;403;0;;
1978;2023;inf;217;414;0;;
1979;2023;inf;217;403;0;;
1980;2024;inf;217;414;0;;
1981;2024;inf;217;403;0;;
1982;2025;inf;217;414;0;;
1983;2025;inf;217;403;0;;
1984;2026;inf;217;414;0;;
1985;2026;inf;217;403;0;;
1986;2027;inf;217;414;0;;
1987;2027;inf;217;403;0;;
1988;2028;inf;217;414;0;;
1989;2028;inf;217;403;0;;
1990;2029;inf;217;414;0;;
1991;2029;inf;217;403;0;;
1992;2030;inf;217;414;0;;
1993;2030;inf;217;403;0;;
1994;2016;inf;208;11;0;;
1995;2017;inf;208;11;0;;
1996;2018;inf;208;11;0;;
1997;2019;inf;208;11;0;;
1998;2020;inf;208;11;0;;
1999;2021;inf;208;11;0;;
2000;2022;inf;208;11;0;;
2001;2023;inf;208;11;0;;
2002;2024;inf;208;11;0;;
2003;2025;inf;208;11;0;;
2004;2026;inf;208;11;0;;
2005;2027;inf;208;11;0;;
2006;2028;inf;208;11;0;;
2007;2029;inf;208;11;0;;
2008;2030;inf;208;11;0;;
2009;2020;inf;128;4;0;;
2010;2021;inf;128;4;0;;
2011;2022;inf;128;4;0;;
2012;2023;inf;128;12;0;;
2013;2024;inf;128;12;0;;
2014;2025;inf;128;12;0;;
2015;2026;inf;128;12;0;;
2016;2027;inf;128;12;0;;
2017;2028;inf;128;12;0;;
2018;2029;inf;128;12;0;;
2019;2030;inf;128;12;0;;
2020;2016;region;75;123;0;;
2021;2017;region;75;123;0;;
2022;2018;region;75;123;0;;
2023;2019;region;75;123;0;;
2024;2020;region;75;123;0;;
2025;2021;region;75;123;0;;
2026;2022;region;75;123;0;;
2027;2023;region;75;123;0;;
2028;2024;region;75;123;0;;
2029;2025;region;75;123;0;;
2030;2026;region;75;123;0;;
2031;2027;region;75;123;0;;
2032;2028;region;75;123;0;;
2033;2029;region;75;123;0;;
2034;2030;region;75;123;0;;
2035;2016;region;11;2;0;;
2036;2017;region;11;2;0;;
2037;2018;region;11;2;0;;
2038;2019;region;11;2;0;;
2039;2020;region;11;208;0;;
2040;2021;region;11;208;0;;
2041;2022;region;11;208;0;;
2042;2023;region;11;208;0;;
2043;2024;region;11;208;0;;
2044;2025;region;11;208;0;;
2045;2026;region;11;208;0;;
2046;2027;region;11;208;0;;
2047;2028;region;11;208;0;;
2048;2029;region;11;208;0;;
2049;2030;region;11;208;0;;
2050;2020;inf;107;208;0;;
2051;2021;inf;107;208;0;;
2052;2022;inf;107;208;0;;
2053;2023;inf;107;208;0;;
2054;2024;inf;107;208;0;;
2055;2025;inf;107;208;0;;
2056;2026;inf;107;208;0;;
2057;2027;inf;107;208;0;;
2058;2028;inf;107;208;0;;
2059;2029;inf;107;208;0;;
2060;2030;inf;107;208;0;;
2061;2020;inf;108;205;0;;
2062;2021;inf;108;205;0;;
2063;2022;inf;108;205;0;;
2064;2023;inf;108;205;0;;
2065;2024;inf;108;205;0;;
2066;2025;inf;108;205;0;;
2067;2026;inf;108;205;0;;
2068;2027;inf;108;205;0;;
2069;2028;inf;108;205;0;;
2070;2029;inf;108;205;0;;
2071;2030;inf;108;205;0;;
2072;2020;inf;109;205;0;;
2073;2021;inf;109;205;0;;
2074;2022;inf;109;205;0;;
2075;2023;inf;109;205;0;;
2076;2024;inf;109;205;0;;
2077;2025;inf;109;205;0;;
2078;2026;inf;109;205;0;;
2079;2027;inf;109;205;0;;
2080;2028;inf;109;205;0;;
2081;2029;inf;109;205;0;;
2082;2030;inf;109;205;0;;
2083;2020;inf;110;205;0;;
2084;2021;inf;110;205;0;;
2085;2022;inf;110;205;0;;
2086;2023;inf;110;205;0;;
2087;2024;inf;110;205;0;;
2088;2025;inf;110;205;0;;
2089;2026;inf;110;205;0;;
2090;2027;inf;110;205;0;;
2091;2028;inf;110;205;0;;
2092;2029;inf;110;205;0;;
2093;2030;inf;110;205;0;;
2094;2020;inf;111;205;0;;
2095;2021;inf;111;205;0;;
2096;2022;inf;111;205;0;;
2097;2023;inf;111;205;0;;
2098;2024;inf;111;205;0;;
2099;2025;inf;111;205;0;;
2100;2026;inf;111;205;0;;
2101;2027;inf;111;205;0;;
2102;2028;inf;111;205;0;;
2103;2029;inf;111;205;0;;
2104;2030;inf;111;205;0;;
2105;2023;inf;209;12;0;;
2106;2020;inf;129;7;0;;
2107;2021;inf;129;7;0;;
2108;2022;inf;129;14;0;;
2109;2023;inf;129;14;0;;
2110;2024;inf;129;14;0;;
2111;2025;inf;129;14;0;;
2112;2026;inf;129;14;0;;
2113;2027;inf;129;14;0;;
2114;2028;inf;129;14;0;;
2115;2029;inf;129;14;0;;
2116;2030;inf;129;14;0;;
2117;2016;region;68;4;0;;
2118;2017;region;68;4;0;;
2119;2018;region;68;4;0;;
2120;2019;region;68;128;0;;
2121;2020;region;68;128;0;;
2122;2021;region;68;128;0;;
2123;2022;region;68;128;0;;
2124;2023;region;68;128;0;;
2125;2024;region;68;128;0;;
2126;2025;region;68;128;0;;
2127;2026;region;68;128;0;;
2128;2027;region;68;128;0;;
2129;2028;region;68;128;0;;
2130;2029;region;68;128;0;;
2131;2030;region;68;128;0;;
2132;2016;region;70;129;0;;
2133;2017;region;70;122;0;;
2134;2018;region;70;122;0;;
2135;2019;region;70;122;0;;
2136;2020;region;70;129;0;;
2137;2021;region;70;129;0;;
2138;2022;region;70;129;0;;
2139;2023;region;70;129;0;;
2140;2024;region;70;129;0;;
2141;2025;region;70;129;0;;
2142;2026;region;70;129;0;;
2143;2027;region;70;129;0;;
2144;2028;region;70;129;0;;
2145;2029;region;70;129;0;;
2146;2030;region;70;129;0;;
2147;2020;inf;122;208;0;;
2148;2021;inf;122;208;0;;
2149;2022;inf;122;208;0;;
2150;2023;inf;122;208;0;;
2151;2024;inf;122;208;0;;
2152;2025;inf;122;208;0;;
2153;2026;inf;122;208;0;;
2154;2027;inf;122;208;0;;
2155;2028;inf;122;208;0;;
2156;2029;inf;122;208;0;;
2157;2030;inf;122;208;0;;
2158;2020;inf;123;208;0;;
2159;2021;inf;123;208;0;;
2160;2022;inf;123;208;0;;
2161;2023;inf;123;208;0;;
2162;2024;inf;123;208;0;;
2163;2025;inf;123;208;0;;
2164;2026;inf;123;208;0;;
2165;2027;inf;123;208;0;;
2166;2028;inf;123;208;0;;
2167;2029;inf;123;208;0;;
2168;2030;inf;123;208;0;;
2169;2024;region;6;5;0;;
2170;2025;region;6;5;0;;
2171;2026;region;6;5;0;;
2172;2027;region;6;5;0;;
2173;2028;region;6;5;0;;
2174;2029;region;6;5;0;;
2175;2030;region;6;5;0;;
2176;2019;inf;122;208;0;;
2177;2016;region;74;122;0;;
2178;2017;region;74;122;0;;
2179;2018;region;74;122;0;;
2180;2019;region;74;122;0;;
2181;2020;region;74;122;0;;
2182;2021;region;74;122;0;;
2183;2022;region;74;122;0;;
2184;2023;region;74;122;0;;
2185;2024;region;74;122;0;;
2186;2025;region;74;122;0;;
2187;2026;region;74;122;0;;
2188;2027;region;74;122;0;;
2189;2028;region;74;122;0;;
2190;2029;region;74;122;0;;
2191;2030;region;74;122;0;;
2192;2016;region;73;122;0;;
2193;2017;region;73;122;0;;
2194;2018;region;73;122;0;;
2195;2019;region;73;122;0;;
2196;2020;region;73;122;0;;
2197;2021;region;73;122;0;;
2198;2022;region;73;122;0;;
2199;2023;region;73;122;0;;
2200;2024;region;73;122;0;;
2201;2025;region;73;122;0;;
2202;2026;region;73;122;0;;
2203;2027;region;73;122;0;;
2204;2028;region;73;122;0;;
2205;2029;region;73;122;0;;
2206;2030;region;73;122;0;;
2207;2016;inf;113;201;0;;
2208;2017;inf;113;201;0;;
2209;2018;inf;113;201;0;;
2210;2019;inf;113;201;0;;
2211;2020;inf;113;201;0;;
2212;2021;inf;113;201;0;;
2213;2022;inf;113;201;0;;
2214;2023;inf;113;201;0;;
2215;2024;inf;113;201;0;;
2216;2025;inf;113;201;0;;
2217;2026;inf;113;201;0;;
2218;2027;inf;113;201;0;;
2219;2028;inf;113;201;0;;
2220;2029;inf;113;201;0;;
2221;2030;inf;113;201;0;;
2222;2016;inf;113;207;0;;
2223;2017;inf;113;207;0;;
2224;2018;inf;113;207;0;;
2225;2019;inf;113;207;0;;
2226;2020;inf;113;207;0;;
2227;2021;inf;113;207;0;;
2228;2022;inf;113;207;0;;
2229;2023;inf;113;207;0;;
2230;2024;inf;113;207;0;;
2231;2025;inf;113;207;0;;
2232;2026;inf;113;207;0;;
2233;2027;inf;113;207;0;;
2234;2028;inf;113;207;0;;
2235;2029;inf;113;207;0;;
2236;2030;inf;113;207;0;;
2237;2016;inf;117;201;0;;
2238;2017;inf;117;201;0;;
2239;2018;inf;117;201;0;;
2240;2019;inf;117;201;0;;
2241;2020;inf;117;201;0;;
2242;2021;inf;117;201;0;;
2243;2022;inf;117;201;0;;
2244;2023;inf;117;201;0;;
2245;2024;inf;117;201;0;;
2246;2025;inf;117;201;0;;
2247;2026;inf;117;201;0;;
2248;2027;inf;117;201;0;;
2249;2028;inf;117;201;0;;
2250;2029;inf;117;201;0;;
2251;2030;inf;117;201;0;;
2252;2016;inf;117;207;0;;
2253;2017;inf;117;207;0;;
2254;2018;inf;117;207;0;;
2255;2019;inf;117;207;0;;
2256;2020;inf;117;207;0;;
2257;2021;inf;117;207;0;;
2258;2022;inf;117;207;0;;
2259;2023;inf;117;207;0;;
2260;2024;inf;117;207;0;;
2261;2025;inf;117;207;0;;
2262;2026;inf;117;207;0;;
2263;2027;inf;117;207;0;;
2264;2028;inf;117;207;0;;
2265;2029;inf;117;207;0;;
2266;2030;inf;117;207;0;;
2267;2016;inf;119;201;0;;
2268;2017;inf;119;201;0;;
2269;2018;inf;119;201;0;;
2270;2019;inf;119;201;0;;
2271;2020;inf;119;201;0;;
2272;2021;inf;119;201;0;;
2273;2022;inf;119;201;0;;
2274;2023;inf;119;201;0;;
2275;2024;inf;119;201;0;;
2276;2025;inf;119;201;0;;
2277;2026;inf;119;201;0;;
2278;2027;inf;119;201;0;;
2279;2028;inf;119;201;0;;
2280;2029;inf;119;201;0;;
2281;2030;inf;119;201;0;;
2282;2016;inf;119;207;0;;
2283;2017;inf;119;207;0;;
2284;2018;inf;119;207;0;;
2285;2019;inf;119;207;0;;
2286;2020;inf;119;207;0;;
2287;2021;inf;119;207;0;;
2288;2022;inf;119;207;0;;
2289;2023;inf;119;207;0;;
2290;2024;inf;119;207;0;;
2291;2025;inf;119;207;0;;
2292;2026;inf;119;207;0;;
2293;2027;inf;119;207;0;;
2294;2028;inf;119;207;0;;
2295;2029;inf;119;207;0;;
2296;2030;inf;119;207;0;;
2297;2016;inf;118;201;0;;
2298;2017;inf;118;201;0;;
2299;2018;inf;118;201;0;;
2300;2019;inf;118;201;0;;
2301;2020;inf;118;201;0;;
2302;2021;inf;118;201;0;;
2303;2022;inf;118;201;0;;
2304;2023;inf;118;201;0;;
2305;2024;inf;118;201;0;;
2306;2025;inf;118;201;0;;
2307;2026;inf;118;201;0;;
2308;2027;inf;118;201;0;;
2309;2028;inf;118;201;0;;
2310;2029;inf;118;201;0;;
2311;2030;inf;118;201;0;;
2312;2016;inf;118;207;0;;
2313;2017;inf;118;207;0;;
2314;2018;inf;118;207;0;;
2315;2019;inf;118;207;0;;
2316;2020;inf;118;207;0;;
2317;2021;inf;118;207;0;;
2318;2022;inf;118;207;0;;
2319;2023;inf;118;207;0;;
2320;2024;inf;118;207;0;;
2321;2025;inf;118;207;0;;
2322;2026;inf;118;207;0;;
2323;2027;inf;118;207;0;;
2324;2028;inf;118;207;0;;
2325;2029;inf;118;207;0;;
2326;2030;inf;118;207;0;;
2327;2016;inf;102;201;0;;
2328;2017;inf;102;201;0;;
2329;2018;inf;102;201;0;;
2330;2019;inf;102;201;0;;
2331;2020;inf;102;201;0;;
2332;2021;inf;102;201;0;;
2342;2016;inf;102;207;0;;
2343;2017;inf;102;207;0;;
2344;2018;inf;102;207;0;;
2345;2019;inf;102;207;0;;
2346;2020;inf;102;207;0;;
2347;2021;inf;102;207;0;;
2348;2022;inf;102;207;0;;
2349;2023;inf;102;207;0;;
2350;2024;inf;102;207;0;;
2351;2025;inf;102;207;0;;
2352;2026;inf;102;207;0;;
2353;2027;inf;102;207;0;;
2354;2028;inf;102;207;0;;
2355;2029;inf;102;207;0;;
2356;2030;inf;102;207;0;;
2357;2016;inf;121;201;0;;
2358;2017;inf;121;201;0;;
2359;2018;inf;121;201;0;;
2360;2019;inf;121;201;0;;
2361;2020;inf;121;201;0;;
2362;2021;inf;121;201;0;;
2372;2016;inf;121;207;0;;
2373;2017;inf;121;207;0;;
2374;2018;inf;121;207;0;;
2375;2019;inf;121;207;0;;
2376;2020;inf;121;207;0;;
2377;2021;inf;121;207;0;;
2378;2022;inf;121;207;0;;
2379;2023;inf;121;207;0;;
2380;2024;inf;121;207;0;;
2381;2025;inf;121;207;0;;
2382;2026;inf;121;207;0;;
2383;2027;inf;121;207;0;;
2384;2028;inf;121;207;0;;
2385;2029;inf;121;207;0;;
2386;2030;inf;121;207;0;;
2387;2020;inf;106;8;0;;
2388;2021;inf;106;8;0;;
2389;2022;inf;106;8;0;;
2390;2023;inf;106;8;0;;
2391;2024;inf;106;8;0;;
2392;2025;inf;106;8;0;;
2393;2026;inf;106;8;0;;
2394;2027;inf;106;8;0;;
2395;2028;inf;106;8;0;;
2396;2029;inf;106;8;0;;
2397;2030;inf;106;8;0;;
2398;2019;inf;205;13;0;;
2399;2024;inf;209;12;0;;
2400;2025;inf;209;12;0;;
2401;2026;inf;209;12;0;;
2402;2027;inf;209;12;0;;
2403;2028;inf;209;12;0;;
2404;2029;inf;209;12;0;;
2405;2030;inf;209;12;0;;
2406;2020;inf;107;8;0;;
2407;2021;inf;107;8;0;;
2408;2022;inf;107;8;0;;
2409;2023;inf;107;8;0;;
2410;2024;inf;107;8;0;;
2411;2025;inf;107;8;0;;
2412;2026;inf;107;8;0;;
2413;2027;inf;107;8;0;;
2414;2028;inf;107;8;0;;
2415;2029;inf;107;8;0;;
2416;2030;inf;107;8;0;;
2417;2020;inf;205;11;0;;
2418;2021;inf;205;11;0;;
2419;2022;inf;205;11;0;;
2420;2023;inf;205;11;0;;
2421;2024;inf;205;11;0;;
2422;2025;inf;205;11;0;;
2423;2026;inf;205;11;0;;
2424;2027;inf;205;11;0;;
2425;2028;inf;205;11;0;;
2426;2029;inf;205;11;0;;
2427;2030;inf;205;11;0;;
2428;2022;region;71;10;0;;
2429;2023;region;71;10;0;;
2430;2024;region;71;10;0;;
2431;2025;region;71;10;0;;
2432;2026;region;71;10;0;;
2433;2027;region;71;10;0;;
2434;2028;region;71;10;0;;
2435;2029;region;71;10;0;;
2436;2030;region;71;10;0;;
2437;2022;inf;103;4;0;;
2438;2023;inf;103;209;0;;
2439;2024;inf;103;209;0;;
2440;2025;inf;103;209;0;;
2441;2026;inf;103;209;0;;
2442;2027;inf;103;209;0;;
2443;2028;inf;103;209;0;;
2444;2029;inf;103;209;0;;
2445;2030;inf;103;209;0;;
2446;2020;inf;104;6;0;;
2447;2021;inf;104;6;0;;
2448;2022;inf;104;6;0;;
2449;2023;inf;104;209;0;;
2450;2024;inf;104;209;0;;
2451;2025;inf;104;209;0;;
2452;2026;inf;104;209;0;;
2453;2027;inf;104;209;0;;
2454;2028;inf;104;209;0;;
2455;2029;inf;104;209;0;;
2456;2030;inf;104;209;0;;
2457;2020;inf;104;4;0;;
2458;2021;inf;104;4;0;;
2459;2022;inf;104;4;0;;
2460;2019;inf;129;122;0;;
2461;2016;inf;205;11;0;;
2462;2017;inf;205;11;0;;
2463;2018;inf;205;11;0;;
2464;2019;inf;205;11;0;;
2465;2016;region;65;8;0;;
2466;2017;region;65;8;0;;
2467;2018;region;65;8;0;;
2468;2019;region;65;8;0;;
2469;2016;region;11;3;0;;
2470;2017;region;11;3;0;;
2471;2018;region;11;3;0;;
2472;2019;region;11;3;0;;
2473;2016;region;11;202;0;;
2474;2017;region;11;202;0;;
2475;2018;region;11;202;0;;
2476;2019;region;11;202;0;;
2477;2019;inf;236;448;0;;
2478;2020;inf;236;448;0;;
2479;2021;inf;236;448;0;;
2480;2022;inf;236;448;0;;
2481;2023;inf;236;448;0;;
2482;2024;inf;236;448;0;;
2483;2025;inf;236;448;0;;
2484;2026;inf;236;448;0;;
2485;2027;inf;236;448;0;;
2486;2028;inf;236;448;0;;
2487;2029;inf;236;448;0;;
2488;2030;inf;236;448;0;;
2489;2020;inf;237;449;0;;
2490;2021;inf;237;449;0;;
2491;2022;inf;237;449;0;;
2492;2023;inf;237;449;0;;
2493;2024;inf;237;449;0;;
2494;2025;inf;237;449;0;;
2495;2026;inf;237;449;0;;
2496;2027;inf;237;449;0;;
2497;2028;inf;237;449;0;;
2498;2029;inf;237;449;0;;
2499;2030;inf;237;449;0;;
2500;2020;inf;238;450;0;;
2501;2021;inf;238;450;0;;
2502;2022;inf;238;450;0;;
2503;2023;inf;238;450;0;;
2504;2024;inf;238;450;0;;
2505;2025;inf;238;450;0;;
2506;2026;inf;238;450;0;;
2507;2027;inf;238;450;0;;
2508;2028;inf;238;450;0;;
2509;2029;inf;238;450;0;;
2510;2030;inf;238;450;0;;
2511;2020;inf;239;451;0;;
2512;2021;inf;239;451;0;;
2513;2022;inf;239;451;0;;
2514;2023;inf;239;451;0;;
2515;2024;inf;239;451;0;;
2516;2025;inf;239;451;0;;
2517;2026;inf;239;451;0;;
2518;2027;inf;239;451;0;;
2519;2028;inf;239;451;0;;
2520;2029;inf;239;451;0;;
2521;2030;inf;239;451;0;;
2522;2020;inf;240;452;0;;
2523;2021;inf;240;452;0;;
2524;2022;inf;240;452;0;;
2525;2023;inf;240;452;0;;
2526;2024;inf;240;452;0;;
2527;2025;inf;240;452;0;;
2528;2026;inf;240;452;0;;
2529;2027;inf;240;452;0;;
2530;2028;inf;240;452;0;;
2531;2029;inf;240;452;0;;
2532;2030;inf;240;452;0;;
2532;2030;inf;240;452;0;;
2532;2030;inf;240;452;0;;
2532;2030;inf;240;452;0;;
2532;2030;inf;240;452;0;;
2532;2030;inf;240;452;0;;
2532;2030;inf;240;452;0;;
2532;2030;inf;240;452;0;;
2532;2030;inf;240;452;0;;
2532;2030;inf;240;452;0;;
2532;2030;inf;240;452;0;;
2532;2030;inf;240;452;0;;
2532;2030;inf;240;452;0;;
2532;2030;inf;240;452;0;;
2532;2030;inf;240;452;0;;
2532;2030;inf;240;452;0;;
2532;2030;inf;240;452;0;;
2532;2030;inf;240;452;0;;
